id	name	area_sqkm	center_lat	center_lng	lg_code	province_id	district_id	dsd_id	ed_id	pd_id
LK-11-011	Colombo MC	46.87	6.923685	79.862741	11	LK-1	LK-11		EC-01	
LK-11-012	Dehiwala Mount Lavinia MC	21.32	6.839519	79.876964	12	LK-1	LK-11		EC-01	
LK-11-013	Moratuwa MC	19.3	6.782566	79.890891	13	LK-1	LK-11	LK-1133	EC-01	EC-01O
LK-11-014	Sri Jayawardanapura Kotte MC	16.32	6.891034	79.898428	14	LK-1	LK-11	LK-1124	EC-01	EC-01I
LK-11-015	Kaduwela MC	86.74	6.903511	79.977309	15	LK-1	LK-11	LK-1109	EC-01	EC-01J
LK-11-021	Kolonnawa UC	5.12	6.938501	79.887787	21	LK-1	LK-11	LK-1106	EC-01	EC-01H
LK-11-022	Seethawakapura UC	20.65	6.954033	80.200223	22	LK-1	LK-11	LK-1115	EC-01	EC-01K
LK-11-023	Maharagama UC	37.8	6.856502	79.941942	23	LK-1	LK-11	LK-1121	EC-01	EC-01M
LK-11-024	Kesbewa UC	50.54	6.794944	79.93389	24	LK-1	LK-11	LK-1136	EC-01	EC-01N
LK-11-025	Boralesgamuwa UC	10.87	6.838445	79.902511	25	LK-1	LK-11	LK-1136	EC-01	EC-01N
LK-11-031	Homagama PS	139.34	6.831555	80.022149	31	LK-1	LK-11		EC-01	
LK-11-033	Kotikawatta-Mullariyawa PS	20.81	6.933354	79.921913	33	LK-1	LK-11	LK-1106	EC-01	EC-01H
LK-11-034	Seethawaka PS	212.5	6.884347	80.136868	34	LK-1	LK-11		EC-01	EC-01K
LK-12-011	Negombo MC	30.4	7.21369	79.845016	11	LK-1	LK-12		EC-02	
LK-12-012	Gampaha MC	27.89	7.093769	80.023852	12	LK-1	LK-12	LK-1224	EC-02	EC-02H
LK-12-022	Ja- Ela UC	7.91	7.071388	79.887224	22	LK-1	LK-12	LK-1221	EC-02	EC-02I
LK-12-023	Katunayaka- Seeduwa UC/Katana PS	23.44	7.157189	79.878895	23/37	LK-1	LK-12	LK-1206	EC-02	EC-02C
LK-12-024	Minuwangoda UC	3.64	7.170623	79.952499	24	LK-1	LK-12	LK-1215	EC-02	EC-02F
LK-12-025	Peliyagoda UC	3.81	6.963016	79.88928	25	LK-1	LK-12	LK-1236	EC-02	EC-02M
LK-12-026	Wattala - Mabola UC	3.95	6.989689	79.894309	26	LK-1	LK-12	LK-1218	EC-02	EC-02A
LK-12-031	Attanagalla PS	154.83	7.114342	80.109868	31	LK-1	LK-12	LK-1227	EC-02	EC-02G
LK-12-032	Biyagama PS	61.01	6.968689	79.978247	32	LK-1	LK-12	LK-1239	EC-02	EC-02L
LK-12-033	Divulapitiya PS	203.16	7.253922	80.006882	33	LK-1	LK-12	LK-1209	EC-02	EC-02D
LK-12-034	Dompe PS	179.18	6.990491	80.098929	34	LK-1	LK-12	LK-1230	EC-02	EC-02K
LK-12-035	Gampaha PS	63.93	7.06141	79.981326	35	LK-1	LK-12	LK-1224	EC-02	EC-02H
LK-12-036	Ja- Ela PS	54.54	7.072131	79.912021	36	LK-1	LK-12	LK-1221	EC-02	EC-02I
LK-12-037	Katana PS	83.15	7.203003	79.893504	37	LK-1	LK-12	LK-1206	EC-02	EC-02C
LK-12-038	Kelaniya PS	18.13	6.9719	79.914193	38	LK-1	LK-12	LK-1236	EC-02	EC-02M
LK-12-039	Mahara PS	95.75	7.029309	80.01439	39	LK-1	LK-12	LK-1233	EC-02	EC-02J
LK-12-040	Minuwangoda PS	128.48	7.154593	79.979797	40	LK-1	LK-12	LK-1215	EC-02	EC-02F
LK-12-041	Mirigama PS	188.81	7.225181	80.12288	41	LK-1	LK-12	LK-1212	EC-02	EC-02E
LK-12-042	Wattala PS	53.22	7.038584	79.88011	42	LK-1	LK-12	LK-1218	EC-02	EC-02A
LK-13-011	Kalutara MC	20.76	6.574697	79.973975	11	LK-1	LK-13	LK-1321	EC-03	EC-03F
LK-13-021	Beruwala UC	4.73	6.470168	79.98435	21	LK-1	LK-13	LK-1324	EC-03	EC-03G
LK-13-022	Horana UC/Horana PS	5.01	6.716079	80.064276	22/36	LK-1	LK-13	LK-1309	EC-03	EC-03C
LK-13-024	Panadura UC/Panadura PS	7.45	6.714246	79.912254	24/39	LK-1	LK-13	LK-1303	EC-03	EC-03A
LK-13-031	Agalawatta PS	92.24	6.515637	80.174536	31	LK-1	LK-13	LK-1333	EC-03	
LK-13-032	Bandaragama PS	57.08	6.718529	79.975934	32	LK-1	LK-13	LK-1306	EC-03	EC-03B
LK-13-033	Beruwala PS	68.79	6.490077	80.006139	33	LK-1	LK-13	LK-1324	EC-03	EC-03G
LK-13-034	Bulathsinhala PS	211.03	6.648237	80.174565	34	LK-1	LK-13	LK-1312	EC-03	EC-03D
LK-13-035	Dodangoda PS	109.85	6.571467	80.044831	35	LK-1	LK-13	LK-1327	EC-03	EC-03E
LK-13-036	Horana PS	201.04	6.760308	80.100775	36	LK-1	LK-13		EC-03	EC-03C
LK-13-037	Kalutara PS	54.81	6.637438	79.970166	37	LK-1	LK-13	LK-1321	EC-03	EC-03F
LK-13-038	Mathugama PS	138.88	6.488	80.090993	38	LK-1	LK-13	LK-1330	EC-03	EC-03E
LK-13-039	Panadura PS	37.95	6.716098	79.92523	39	LK-1	LK-13	LK-1303	EC-03	
LK-13-040	Walallawita PS	211.65	6.406665	80.187579	40	LK-1	LK-13	LK-1339	EC-03	EC-03H
LK-13-041	Madurawala PS	62.19	6.651918	80.093422	41	LK-1	LK-13	LK-1315	EC-03	EC-03D
LK-13-042	Palindanuwara PS	284.12	6.506966	80.274635	42	LK-1	LK-13	LK-1336	EC-03	EC-03H
LK-13-043	Millaniya PS	79.42	6.658585	80.031028	43	LK-1	LK-13	LK-1318	EC-03	EC-03B
LK-21-011	Kandy MC/ Pathadumbara PS	29.09	7.292359	80.629803	11/40	LK-2	LK-21		EC-04	
LK-21-021	Gampola UC	13.92	7.169488	80.571736	21	LK-2	LK-21	LK-2151	EC-04	EC-04L
LK-21-022	Kadugannawa UC/Yatinuwara PS	7.81	7.262628	80.538077	22/47	LK-2	LK-21	LK-2136	EC-04	EC-04J
LK-21-023	Nawalapitiya UC/Pasbage Korale PS	14.54	7.047561	80.540675	23/39	LK-2	LK-21	LK-2157	EC-04	EC-04M
LK-21-024	Wattegama UC/ Pathadumbara PS	9.49	7.351362	80.678548	24/40	LK-2	LK-21	LK-2112	EC-04	EC-04C
LK-21-025	Medadumbara PS	0.89	7.3365	80.79031	25	LK-2	LK-21	LK-2124	EC-04	EC-04E
LK-21-031	Akurana PS	29.9	7.391395	80.617968	31	LK-2	LK-21	LK-2109	EC-04	EC-04B
LK-21-032	Ganga Ihala Korale	96.17	7.112563	80.512388	32	LK-2	LK-21	LK-2154	EC-04	EC-04M
LK-21-033	Harispattuwa PS	49.04	7.328489	80.587938	33	LK-2	LK-21	LK-2133	EC-04	EC-04B
LK-21-034	Kandy Four Graverts &Gangawata Korale PS	31.99	7.258323	80.646016	34	LK-2	LK-21	LK-2130	EC-04	
LK-21-035	Medadumbara PS	82.37	7.305974	80.709274	35	LK-2	LK-21		EC-04	
LK-21-036	Medadumbara PS	186.74	7.302292	80.800531	36	LK-2	LK-21	LK-2124	EC-04	EC-04E
LK-21-037	Minipe PS	249.31	7.348541	80.949201	37	LK-2	LK-21	LK-2121	EC-04	EC-04D
LK-21-038	Panvila PS	92.63	7.409011	80.742498	38	LK-2	LK-21	LK-2115	EC-04	EC-04C
LK-21-039	Pasbage Korale PS	107.03	7.014613	80.536217	39	LK-2	LK-21	LK-2157	EC-04	EC-04M
LK-21-040	Pathadumbara PS	38.49	7.350645	80.657879	40	LK-2	LK-21	LK-2112	EC-04	EC-04C
LK-21-041	Pathhewaheta PS	133.33	7.212482	80.703446	41	LK-2	LK-21		EC-04	EC-04G
LK-21-042	Pujapitiya PS	58.6	7.400318	80.56578	42	LK-2	LK-21	LK-2106	EC-04	EC-04B
LK-21-043	Thumpane PS	114.91	7.346769	80.495134	43	LK-2	LK-21		EC-04	EC-04A
LK-21-044	Udadumbara PS	277.55	7.328827	80.874486	44	LK-2	LK-21	LK-2118	EC-04	EC-04D
LK-21-045	Udapalatha PS	173.72	7.145243	80.630403	45	LK-2	LK-21		EC-04	
LK-21-046	Udunuwara PS	68.84	7.222683	80.559451	46	LK-2	LK-21	LK-2139	EC-04	EC-04K
LK-21-047	Yatinuwara PS	61.3	7.285391	80.538016	47	LK-2	LK-21	LK-2136	EC-04	EC-04J
LK-22-011	Matale MC/ Matale PS	17.19	7.475768	80.619063	11/35	LK-2	LK-22		EC-05	EC-05C
LK-22-012	Dambulla MC	53.98	7.860743	80.656023	12	LK-2	LK-22	LK-2206	EC-05	EC-05A
LK-22-031	Ambanganga Korale PS	55.38	7.561141	80.678754	31	LK-2	LK-22	LK-2221	EC-05	EC-05B
LK-22-032	Dambulla PS	399.36	7.877418	80.726306	32	LK-2	LK-22	LK-2206	EC-05	EC-05A
LK-22-033	Galewela PS	196.94	7.779286	80.570693	33	LK-2	LK-22	LK-2203	EC-05	EC-05A
LK-22-034	Laggala-Pallegama PS	384.63	7.556101	80.811179	34	LK-2	LK-22		EC-05	EC-05B
LK-22-035	Matale PS	54.64	7.559794	80.63285	35	LK-2	LK-22	LK-2218	EC-05	EC-05C
LK-22-036	Naula PS	287.89	7.688935	80.707889	36	LK-2	LK-22	LK-2209	EC-05	EC-05B
LK-22-037	Pallepola PS	82.9	7.647136	80.599248	37	LK-2	LK-22	LK-2212	EC-05	EC-05A
LK-22-038	Rattota PS	103.92	7.485932	80.685504	38	LK-2	LK-22	LK-2230	EC-05	EC-05D
LK-22-039	Ukuwela PS	78.4	7.429686	80.639004	39	LK-2	LK-22	LK-2233	EC-05	EC-05D
LK-22-040	Wilgamuwa PS	276.13	7.605904	80.931318	40	LK-2	LK-22	LK-2227	EC-05	EC-05B
LK-22-041	Yatawatta PS	67.39	7.548664	80.588859	41	LK-2	LK-22	LK-2215	EC-05	EC-05C
LK-23-011	Nuwara Eliya MC/ Nuwara Eliya PS	46.3	6.965875	80.779358	11/34	LK-2	LK-23	LK-2312	EC-06	EC-06A
LK-23-021	Hatton - Dickoya UC/ Ambagamuwa PS	16.7	6.886439	80.60563	21/31	LK-2	LK-23	LK-2314	EC-06	EC-06A
LK-23-022	Thalawakale-Lindula UC/ Kotagala PS	31.29	6.93989	80.66863	22/39	LK-2	LK-23	LK-2313	EC-06	EC-06A
LK-23-031	Ambagamuwa PS	185.13	6.941279	80.504309	31	LK-2	LK-23		EC-06	EC-06A
LK-23-032	Hanguranketha PS	225.72	7.123265	80.776507	32	LK-2	LK-23		EC-06	EC-06C
LK-23-033	Kothmale PS	226.79	7.038477	80.656096	33	LK-2	LK-23		EC-06	EC-06B
LK-23-034	Nuwara Eliya PS	173.84	6.920252	80.781245	34	LK-2	LK-23	LK-2312	EC-06	EC-06A
LK-23-035	Walapane PS	322.88	7.0925	80.886866	35	LK-2	LK-23		EC-06	EC-06D
LK-23-036	Maskeliya PS	156.2	6.811348	80.56089	36	LK-2	LK-23	LK-2314	EC-06	EC-06A
LK-23-037	Noorwood PS	128.8	6.816981	80.667324	37	LK-2	LK-23	LK-2314	EC-06	EC-06A
LK-23-038	Agarapathana PS	169.09	6.859088	80.720059	38	LK-2	LK-23	LK-2313	EC-06	EC-06A
LK-23-039	Kotagala PS	62.07	6.943042	80.625937	39	LK-2	LK-23		EC-06	EC-06A
LK-31-011	Galle MC	17.19	6.048309	80.215172	11	LK-3	LK-31	LK-3139	EC-07	EC-07H
LK-31-021	Ambalangoda UC	7.23	6.242114	80.065724	21	LK-3	LK-31	LK-3133	EC-07	EC-07B
LK-31-022	Hikkaduwa UC	13.04	6.128233	80.119869	22	LK-3	LK-31	LK-3136	EC-07	EC-07G
LK-31-031	Akmeemana PS	71.2	6.059798	80.284577	31	LK-3	LK-31	LK-3145	EC-07	EC-07I
LK-31-032	Ambalangoda PS	67.37	6.198961	80.116809	32	LK-3	LK-31		EC-07	EC-07B
LK-31-033	Baddegama PS	112.86	6.136369	80.220155	33	LK-3	LK-31		EC-07	
LK-31-034	Balapitiya PS	54.26	6.314523	80.050593	34	LK-3	LK-31	LK-3106	EC-07	EC-07A
LK-31-035	Benthota PS	70.97	6.386622	80.055626	35	LK-3	LK-31	LK-3103	EC-07	EC-07D
LK-31-036	Bope_Poddala PS	33.72	6.081956	80.211473	36	LK-3	LK-31		EC-07	
LK-31-037	Elpitiya PS	150.64	6.290338	80.185674	37	LK-3	LK-31	LK-3112	EC-07	EC-07D
LK-31-038	Habaraduwa PS	48.81	6.001825	80.320646	38	LK-3	LK-31	LK-3154	EC-07	EC-07J
LK-31-039	Rajgama PS	50.13	6.142852	80.123289	39	LK-3	LK-31		EC-07	EC-07G
LK-31-040	Karandeniya PS	88.55	6.301085	80.100581	40	LK-3	LK-31	LK-3109	EC-07	EC-07C
LK-31-041	Nagoda PS	173.43	6.199194	80.313741	41	LK-3	LK-31	LK-3124	EC-07	
LK-31-042	Neluwa PS	152.51	6.360383	80.409622	42	LK-3	LK-31	LK-3121	EC-07	EC-07E
LK-31-043	Niyagama PS	104.37	6.302514	80.251476	43	LK-3	LK-31	LK-3115	EC-07	EC-07E
LK-31-044	Thawalama PS	173.7	6.292952	80.354998	44	LK-3	LK-31	LK-3118	EC-07	EC-07E
LK-31-045	Yakkalamulla PS	108.68	6.107609	80.360034	45	LK-3	LK-31	LK-3148	EC-07	EC-07F
LK-31-046	Imaduwa PS	58.36	6.032628	80.358504	46	LK-3	LK-31	LK-3151	EC-07	EC-07J
LK-31-047	Welivitiya_Divithura PS	56.47	6.206917	80.180778	47	LK-3	LK-31	LK-3130	EC-07	EC-07C
LK-32-011	Matara MC	23.14	5.952797	80.538466	11	LK-3	LK-32	LK-3242	EC-08	EC-08F
LK-32-021	Weligama UC	4.93	5.971829	80.423023	21	LK-3	LK-32	LK-3239	EC-08	EC-08G
LK-32-031	Akuressa PS	150.06	6.135891	80.440469	31	LK-3	LK-32	LK-3218	EC-08	EC-08C
LK-32-032	Devinuwara PS	38.16	5.977065	80.614856	32	LK-3	LK-32	LK-3245	EC-08	EC-08E
LK-32-033	Dickwella PS	51.11	5.985368	80.673372	33	LK-3	LK-32	LK-3248	EC-08	EC-08E
LK-32-034	Hakmana PS	49.52	6.094981	80.649031	34	LK-3	LK-32	LK-3230	EC-08	
LK-32-035	Kamburupitiya PS	110.7	6.039269	80.5605	35	LK-3	LK-32		EC-08	EC-08D
LK-32-036	Kotapola PS	178.98	6.322503	80.538487	36	LK-3	LK-32	LK-3206	EC-08	EC-08A
LK-32-037	Malimbada PS	42.86	6.019686	80.49915	37	LK-3	LK-32	LK-3224	EC-08	EC-08C
LK-32-038	Matara PS	33.49	5.969664	80.580371	38	LK-3	LK-32	LK-3242	EC-08	EC-08F
LK-32-039	Mulatiyana PS	120.4	6.147335	80.586973	39	LK-3	LK-32	LK-3212	EC-08	EC-08B
LK-32-040	Pasgoda PS	154.01	6.276173	80.608151	40	LK-3	LK-32	LK-3209	EC-08	
LK-32-042	Weligama PS	107.06	5.99918	80.442313	42	LK-3	LK-32		EC-08	EC-08G
LK-32-043	Pitadeddara PS	136.99	6.239504	80.473365	43	LK-3	LK-32	LK-3203	EC-08	EC-08A
LK-32-044	Athuraliya PS	63.05	6.117181	80.509603	44	LK-3	LK-32	LK-3215	EC-08	EC-08C
LK-32-045	Kirinda Puhulwella PS	41.91	6.046066	80.636112	45	LK-3	LK-32	LK-3233	EC-08	EC-08D
LK-33-011	Hambantota MC	91.8	6.167139	81.120387	11	LK-3	LK-33	LK-3312	EC-09	EC-09D
LK-33-021	Tangalle UC	3.18	6.031879	80.794863	21	LK-3	LK-33	LK-3333	EC-09	EC-09C
LK-33-031	Ambalantota PS	212.81	6.16102	80.96355	31	LK-3	LK-33	LK-3315	EC-09	
LK-33-032	Angunakolapelessa PS	171.85	6.19339	80.851244	32	LK-3	LK-33	LK-3318	EC-09	EC-09C
LK-33-033	Beliatta PS	102.7	6.050734	80.720383	33	LK-3	LK-33	LK-3330	EC-09	EC-09B
LK-33-034	Hambantota PS	251.98	6.218205	81.123751	34	LK-3	LK-33	LK-3312	EC-09	EC-09D
LK-33-035	Katuwana PS	169.07	6.242033	80.694471	35	LK-3	LK-33		EC-09	
LK-33-036	Lunugamvehera PS	284.91	6.33159	81.162489	36	LK-3	LK-33	LK-3306	EC-09	EC-09D
LK-33-037	Tangalle PS	149.58	6.07345	80.827124	37	LK-3	LK-33	LK-3333	EC-09	
LK-33-038	Thissamaharama PS	792.11	6.362319	81.429386	38	LK-3	LK-33	LK-3309	EC-09	EC-09D
LK-33-039	Weeraketiya PS	201.41	6.167414	80.742377	39	LK-3	LK-33		EC-09	
LK-33-040	Sooriyawewa PS	193.66	6.29244	81.015794	40	LK-3	LK-33	LK-3303	EC-09	EC-09D
LK-41-011	Jaffna MC	22.75	9.667866	80.028321	11	LK-4	LK-41		EC-10	
LK-41-021	Chavakachcheri UC	21.72	9.667126	80.162788	21	LK-4	LK-41	LK-4130	EC-10	EC-10H
LK-41-022	Point Pedro UC	4.91	9.820294	80.241709	22	LK-4	LK-41	LK-4127	EC-10	EC-10G
LK-41-023	Valvettiturai UC/ Vadamaradchi South West PS	7.93	9.81762	80.152502	23/36	LK-4	LK-41		EC-10	EC-10F
LK-41-031	Chavakachcheri PS	214.36	9.678009	80.192363	31	LK-4	LK-41	LK-4130	EC-10	EC-10H
LK-41-032	Delft PS	48.44	9.513087	79.690805	32	LK-4	LK-41	LK-4142	EC-10	EC-10A
LK-41-033	Kayts PS	32.47	9.67518	79.850124	33	LK-4	LK-41	LK-4103	EC-10	EC-10A
LK-41-034	Nallur PS	20.9	9.665127	80.057198	34	LK-4	LK-41	LK-4133	EC-10	EC-10I
LK-41-035	Point Pedro PS	215.87	9.63596	80.388399	35	LK-4	LK-41		EC-10	
LK-41-036	Vadamaradchi South West PS	86.11	9.775736	80.183422	36	LK-4	LK-41	LK-4121	EC-10	
LK-41-037	Valikamam East PS	108.75	9.736957	80.097029	37	LK-4	LK-41	LK-4118	EC-10	EC-10E
LK-41-038	Valikamam North PS	61.68	9.789107	80.042169	38	LK-4	LK-41	LK-4112	EC-10	EC-10C
LK-41-039	Valikamam South PS	34.38	9.744762	80.034763	39	LK-4	LK-41	LK-4115	EC-10	
LK-41-040	Valikamam South West PS	47.65	9.750615	79.981145	40	LK-4	LK-41	LK-4109	EC-10	
LK-41-041	Valikamam West PS	48.94	9.74171	79.945292	41	LK-4	LK-41	LK-4106	EC-10	EC-10B
LK-41-042	Velanai PS	90.73	9.622153	79.891398	42	LK-4	LK-41	LK-4139	EC-10	EC-10A
LK-41-043	Karainagar PS	23.64	9.735886	79.874717	43	LK-4	LK-41	LK-4104	EC-10	EC-10B
LK-42-021	Mannar UC	16.71	8.980788	79.896059	21	LK-4	LK-42	LK-4203	EC-11	EC-11A
LK-42-031	Mannar PS	203.47	8.992898	79.886867	31	LK-4	LK-42	LK-4203	EC-11	EC-11A
LK-42-032	Manthai West PS	1084.59	8.958245	80.171352	32	LK-4	LK-42		EC-11	EC-11A
LK-42-033	Musali PS	463.26	8.677386	80.021293	33	LK-4	LK-42	LK-4215	EC-11	EC-11A
LK-42-034	Nanattan PS	242.79	8.802894	80.053139	34	LK-4	LK-42		EC-11	EC-11A
LK-43-011	Vavuniya MC/ Vavuniya South (Tamil) PS	33.57	8.756608	80.493521	11/33	LK-4	LK-43	LK-4309	EC-11	EC-11B
LK-43-031	Vavuniya North PS	686.72	9.004658	80.576682	31	LK-4	LK-43	LK-4303	EC-11	EC-11B
LK-43-032	Vavuniya South (Sinhala) PS	216.25	8.7351	80.513638	32	LK-4	LK-43	LK-4306	EC-11	EC-11B
LK-43-033	Vavuniya South (Tamil) PS	583.28	8.838244	80.45458	33	LK-4	LK-43	LK-4309	EC-11	EC-11B
LK-43-034	Vengalacheddikulam PS	415.08	8.692808	80.294587	34	LK-4	LK-43	LK-4312	EC-11	EC-11B
LK-44-031	Vavuniya North PS	85.77	8.973439	80.749125	31	LK-4	LK-44	LK-4418	EC-11	EC-11B
LK-44-041	Manthai East PS	485.91	9.06305	80.308719	41	LK-4	LK-44	LK-4406	EC-11	EC-11C
LK-44-042	Maritimepattu PS	691.21	9.149428	80.806493	42	LK-4	LK-44		EC-11	EC-11C
LK-44-043	Puthukudiyiruppu PS	1089.07	9.230581	80.565654	43	LK-4	LK-44		EC-11	EC-11C
LK-44-044	Thunukkai PS	329.19	9.222892	80.286117	44	LK-4	LK-44	LK-4403	EC-11	EC-11C
LK-45-031	Karachchi PS	669.87	9.394491	80.395724	31	LK-4	LK-45		EC-10	EC-10K
LK-45-032	Pachchillaipalli PS	176.03	9.590645	80.359079	32	LK-4	LK-45	LK-4503	EC-10	EC-10K
LK-45-033	Poonagari PS	473.39	9.396612	80.168652	33	LK-4	LK-45	LK-4512	EC-10	EC-10K
LK-51-001	Eravur Pattu PS	4.76	7.759147	81.636557	1	LK-5	LK-51	LK-5112	EC-12	EC-12B
LK-51-002	Eravur Pattu PS	6.86	7.781256	81.633447	2	LK-5	LK-51	LK-5112	EC-12	
LK-51-003	Eravur Pattu PS	1.82	7.790749	81.617729	3	LK-5	LK-51	LK-5112	EC-12	EC-12B
LK-51-004	Eravur Pattu PS	1.15	7.780385	81.617286	4	LK-5	LK-51	LK-5112	EC-12	EC-12B
LK-51-005	Koralai Pattu PS	4.76	7.90971	81.545218	5	LK-5	LK-51		EC-12	
LK-51-006	Koralai Pattu PS	19.75	7.861704	81.585223	6	LK-5	LK-51		EC-12	
LK-51-007	Koralai Pattu PS	16.63	7.84243	81.575476	7	LK-5	LK-51		EC-12	
LK-51-008	Eravur Pattu PS	0.86	7.821029	81.558593	8	LK-5	LK-51	LK-5112	EC-12	EC-12A
LK-51-009	Eravur Pattu PS	2.1	7.813881	81.565911	9	LK-5	LK-51	LK-5112	EC-12	EC-12A
LK-51-010	Koralai Pattu PS	13.56	7.823293	81.556283	10	LK-5	LK-51		EC-12	EC-12A
LK-51-011	Koralai Pattu PS	77.48	7.764301	81.628713	11	LK-5	LK-51		EC-12	
LK-51-012	Eravur Pattu PS	4.45	7.791113	81.583752	12	LK-5	LK-51	LK-5112	EC-12	EC-12A
LK-51-013	Eravur Pattu PS	1.9	7.779962	81.592291	13	LK-5	LK-51	LK-5112	EC-12	EC-12A
LK-51-014	Eravur Pattu PS	79.22	7.739319	81.531287	14	LK-5	LK-51	LK-5112	EC-12	EC-12B
LK-51-015	Eravur Pattu PS	226.89	7.739272	81.353361	15	LK-5	LK-51	LK-5112	EC-12	EC-12A
LK-51-016	Eravur Pattu PS	88.65	7.676967	81.479238	16	LK-5	LK-51	LK-5112	EC-12	EC-12B
LK-51-017	Eravur Pattu PS	109.67	7.595566	81.47896	17	LK-5	LK-51	LK-5112	EC-12	EC-12B
LK-51-018	Eravur Pattu PS	15.11	7.522429	81.525216	18	LK-5	LK-51	LK-5112	EC-12	EC-12B
LK-51-021	Kattankudy UC	3.88	7.6829	81.732091	21	LK-5	LK-51	LK-5124	EC-12	EC-12B
LK-51-022	Eravur UC	1.86	7.775874	81.608206	22	LK-5	LK-51	LK-5115	EC-12	EC-12B
LK-51-034	Koralai Pattu PS	507.41	7.852806	81.381482	34	LK-5	LK-51		EC-12	EC-12A
LK-51-035	Koralai Pattu North PS	515.82	8.088082	81.374706	35	LK-5	LK-51		EC-12	EC-12A
LK-51-036	Koralai Pattu West PS	121.61	7.925529	81.386946	36	LK-5	LK-51		EC-12	EC-12A
LK-51-037	Manmunaipattu PS	25.45	7.639195	81.753752	37	LK-5	LK-51	LK-5127	EC-12	EC-12B
LK-51-038	Manmunai South & Eruvil Pattu PS	43.92	7.522348	81.791102	38	LK-5	LK-51	LK-5136	EC-12	EC-12C
LK-51-039	Manmunai South-West PS	145.14	7.567598	81.661919	39	LK-5	LK-51	LK-5130	EC-12	EC-12C
LK-51-040	Manmunai West (Vavunativu) PS	280.58	7.632937	81.598993	40	LK-5	LK-51	LK-5121	EC-12	EC-12B
LK-51-041	Porativepattu PS	159.21	7.497825	81.704155	41	LK-5	LK-51	LK-5133	EC-12	EC-12C
LK-52-011	Kalmunai MC	24.26	7.41718	81.817666	11	LK-5	LK-52		EC-13	EC-13C
LK-52-012	Akkaraipattu MC	7.34	7.22736	81.846785	12	LK-5	LK-52	LK-5236	EC-13	
LK-52-021	Ampara UC/ Namaloya PS	43.44	7.293568	81.664401	21/39	LK-5	LK-52	LK-5215	EC-13	EC-13A
LK-52-031	Addalachchanai PS	74.4	7.264536	81.812687	31	LK-5	LK-52	LK-5233	EC-13	EC-13D
LK-52-032	Alayadiwembu PS	69.69	7.170789	81.807373	32	LK-5	LK-52	LK-5239	EC-13	EC-13D
LK-52-033	Damana PS	478.17	7.133109	81.628447	33	LK-5	LK-52	LK-5242	EC-13	
LK-52-034	Dehiattakandiya PS	374.18	7.626104	81.073565	34	LK-5	LK-52	LK-5203	EC-13	EC-13A
LK-52-036	Akkaraipattu PS	46.34	7.210244	81.790491	36	LK-5	LK-52	LK-5236	EC-13	EC-13B
LK-52-037	Lahugala PS	815.3	6.743613	81.698939	37	LK-5	LK-52	LK-5251	EC-13	EC-13D
LK-52-038	Mahaoya PS	680.41	7.55649	81.350833	38	LK-5	LK-52	LK-5209	EC-13	EC-13A
LK-52-039	Namaloya PS	107.44	7.267299	81.58113	39	LK-5	LK-52		EC-13	EC-13A
LK-52-040	Ninthavur PS	35.94	7.326839	81.839824	40	LK-5	LK-52	LK-5230	EC-13	EC-13D
LK-52-041	Padiyathalawa  PS	388.23	7.422272	81.261851	41	LK-5	LK-52	LK-5206	EC-13	EC-13A
LK-52-042	Pothuvil  PS	309.36	6.949757	81.797796	42	LK-5	LK-52	LK-5248	EC-13	EC-13D
LK-52-043	Sammanthurai PS	108.91	7.329298	81.767875	43	LK-5	LK-52	LK-5218	EC-13	EC-13B
LK-52-044	Thirukkovili PS	218.5	7.079586	81.794782	44	LK-5	LK-52	LK-5245	EC-13	EC-13D
LK-52-045	Uhana PS	535.55	7.401039	81.592516	45	LK-5	LK-52	LK-5212	EC-13	EC-13A
LK-52-046	Karathivu PS	10.15	7.372969	81.833667	46	LK-5	LK-52	LK-5227	EC-13	EC-13D
LK-52-047	Navithanveli PS	79.81	7.419463	81.762775	47	LK-5	LK-52	LK-5216	EC-13	EC-13B
LK-52-048	Irakkamam PS	67.23	7.2411	81.722174	48	LK-5	LK-52	LK-5234	EC-13	EC-13B
LK-53-011	Trincomalee MC	14.03	8.57326	81.22406	11	LK-5	LK-53	LK-5315	EC-14	EC-14B
LK-53-022	Kinniya UC	7.6	8.486597	81.187854	22	LK-5	LK-53	LK-5324	EC-14	EC-14C
LK-53-031	Gomarankadawala PS	307.33	8.749348	80.966816	31	LK-5	LK-53	LK-5309	EC-14	EC-14A
LK-53-032	Kanthale PS	412.73	8.342622	81.055903	32	LK-5	LK-53	LK-5321	EC-14	EC-14A
LK-53-033	Kinniya PS	143.95	8.433257	81.158812	33	LK-5	LK-53	LK-5324	EC-14	EC-14C
LK-53-034	Kuchchaveli PS	446.97	8.813051	81.047186	34	LK-5	LK-53	LK-5306	EC-14	EC-14B
LK-53-035	Morawewa PS	278.14	8.625746	81.019771	35	LK-5	LK-53	LK-5312	EC-14	EC-14A
LK-53-036	Muttur PS	194.19	8.431494	81.291319	36	LK-5	LK-53	LK-5327	EC-14	EC-14C
LK-53-037	Padavi Sri Pura PS	113.33	8.915208	80.855145	37	LK-5	LK-53	LK-5303	EC-14	EC-14A
LK-53-038	Seruvila PS	293.32	8.287808	81.25641	38	LK-5	LK-53	LK-5330	EC-14	EC-14A
LK-53-039	Thambalagamuwa PS	274.19	8.509573	81.042854	39	LK-5	LK-53	LK-5318	EC-14	
LK-53-040	Trincomalee Town and Gravets  PS	115.79	8.583752	81.168726	40	LK-5	LK-53	LK-5315	EC-14	EC-14B
LK-53-041	Verugal PS	90.54	8.318232	81.363485	41	LK-5	LK-53	LK-5333	EC-14	EC-14A
LK-61-011	Kurunegala MC	11.14	7.487294	80.364933	11	LK-6	LK-61	LK-6154	EC-15	EC-15L
LK-61-021	Kuliyapitiya UC/ Kuliyapitiya PS	4.55	7.469177	80.03641	21/37	LK-6	LK-61	LK-6172	EC-15	EC-15I
LK-61-031	Alawwa PS	130.25	7.32858	80.217429	31	LK-6	LK-61	LK-6184	EC-15	EC-15J
LK-61-032	Bingiriya PS	193.62	7.607565	79.968083	32	LK-6	LK-61	LK-6142	EC-15	EC-15G
LK-61-033	Galgamuwa PS	444.72	7.998266	80.298164	33	LK-6	LK-61		EC-15	EC-15A
LK-61-034	Giribawa PS	205.37	8.103672	80.183754	34	LK-6	LK-61	LK-6103	EC-15	EC-15A
LK-61-035	Ibbagamuwa PS	367.43	7.633648	80.430185	35	LK-6	LK-61		EC-15	EC-15D
LK-61-036	Kobeigane PS	130.28	7.684376	80.100321	36	LK-6	LK-61	LK-6139	EC-15	EC-15B
LK-61-037	Kuliyapitiya PS	274.72	7.471199	80.102369	37	LK-6	LK-61		EC-15	EC-15I
LK-61-038	Kurunegala PS	232.17	7.511441	80.357635	38	LK-6	LK-61		EC-15	
LK-61-039	Maho PS	401.73	7.841195	80.267615	39	LK-6	LK-61		EC-15	EC-15C
LK-61-040	Mawathagama PS	108.43	7.424469	80.444918	40	LK-6	LK-61	LK-6160	EC-15	EC-15M
LK-61-041	Nikaweratiya PS	465.44	7.80567	80.104616	41	LK-6	LK-61		EC-15	EC-15B
LK-61-042	Panduwasnuwara PS	283.47	7.584134	80.101591	42	LK-6	LK-61		EC-15	EC-15F
LK-61-043	Pannala PS	282.22	7.362153	80.030535	43	LK-6	LK-61	LK-6178	EC-15	EC-15H
LK-61-044	Polgahawela PS	188.4	7.419139	80.291174	44	LK-6	LK-61		EC-15	EC-15K
LK-61-045	Polpithigama PS	415.64	7.803271	80.428893	45	LK-6	LK-61	LK-6127	EC-15	
LK-61-046	Rideegama PS	225.15	7.517219	80.518459	46	LK-6	LK-61	LK-6163	EC-15	EC-15N
LK-61-047	Wariyapola PS	312.53	7.621927	80.244165	47	LK-6	LK-61		EC-15	EC-15E
LK-61-048	Udubaddawa PS	119.9	7.480501	79.947547	48	LK-6	LK-61	LK-6175	EC-15	EC-15G
LK-61-049	Narammala PS	108.53	7.397099	80.193118	49	LK-6	LK-61	LK-6181	EC-15	EC-15J
LK-62-011	Puttalam MC	23.51	8.033618	79.847591	11	LK-6	LK-62	LK-6215	EC-16	EC-16A
LK-62-021	Chilaw UC	6.53	7.581366	79.793511	21	LK-6	LK-62	LK-6233	EC-16	EC-16C
LK-62-031	Anamaduwa PS	528.15	7.853184	79.956619	31	LK-6	LK-62		EC-16	EC-16B
LK-62-032	Arachchikattuwa PS	213.46	7.697364	79.852802	32	LK-6	LK-62		EC-16	
LK-62-033	Chilaw PS	179.38	7.547642	79.853315	33	LK-6	LK-62		EC-16	EC-16C
LK-62-034	Kalpitiya PS	253.75	8.037997	79.757327	34	LK-6	LK-62		EC-16	EC-16A
LK-62-035	Karuwalagaswewa PS	499.76	8.119648	79.999768	35	LK-6	LK-62	LK-6209	EC-16	EC-16B
LK-62-036	Nattandiya PS	150.97	7.424983	79.862933	36	LK-6	LK-62		EC-16	EC-16D
LK-62-037	Nawagattegama PS	171.5	8.013076	80.088937	37	LK-6	LK-62	LK-6212	EC-16	EC-16B
LK-62-038	Puttalam PS	251.5	7.96573	79.85345	38	LK-6	LK-62		EC-16	
LK-62-039	Vanathawilluwa PS	737.44	8.340926	79.896228	39	LK-6	LK-62	LK-6206	EC-16	
LK-62-040	Wennappuwa PS	117.92	7.321939	79.887929	40	LK-6	LK-62		EC-16	EC-16E
LK-71-011	Anuradhapura MC/ Nuwaragam Palatha Central PS	61.81	8.33876	80.406469	11/41	LK-7	LK-71		EC-17	
LK-71-031	Galenbindunuwewa PS	292.54	8.268046	80.708793	31	LK-7	LK-71	LK-7127	EC-17	
LK-71-032	Galnewa PS	138.58	8.019713	80.450037	32	LK-7	LK-71	LK-7163	EC-17	EC-17E
LK-71-033	Horowpothana PS	832.95	8.5158	80.852802	33	LK-7	LK-71	LK-7124	EC-17	EC-17B
LK-71-034	Ipalogama PS	141.67	8.085235	80.507736	34	LK-7	LK-71	LK-7160	EC-17	
LK-71-035	Kahatagasdigiliya PS	370.25	8.423981	80.711353	35	LK-7	LK-71	LK-7121	EC-17	
LK-71-036	Kebithigollewa PS	613.68	8.712242	80.715528	36	LK-7	LK-71	LK-7106	EC-17	EC-17A
LK-71-037	Kekirawa PS	552.37	8.06761	80.659488	37	LK-7	LK-71		EC-17	
LK-71-038	Medawachchiya PS	489.19	8.588785	80.496936	38	LK-7	LK-71	LK-7109	EC-17	EC-17A
LK-71-039	Mihinthale PS	226.79	8.348944	80.545733	39	LK-7	LK-71	LK-7130	EC-17	
LK-71-040	Nochchiyagama PS	838.29	8.333933	80.125586	40	LK-7	LK-71	LK-7139	EC-17	EC-17D
LK-71-041	Nuwaragam Palatha Central PS	987.69	8.497419	80.237628	41	LK-7	LK-71		EC-17	
LK-71-042	Nuwaragam Palatha East PS	145.8	8.276082	80.427202	42	LK-7	LK-71		EC-17	EC-17C
LK-71-043	Padaviya PS	247.26	8.84868	80.78417	43	LK-7	LK-71	LK-7103	EC-17	EC-17A
LK-71-044	Palagala PS	225.47	7.90556	80.537532	44	LK-7	LK-71	LK-7166	EC-17	EC-17G
LK-71-045	Rajanganaya PS	105.84	8.185818	80.180922	45	LK-7	LK-71	LK-7142	EC-17	EC-17E
LK-71-046	Rambewa PS	306.11	8.475597	80.550939	46	LK-7	LK-71	LK-7118	EC-17	
LK-71-047	Thalawa PS	342.09	8.174185	80.359337	47	LK-7	LK-71		EC-17	
LK-71-048	Nuwaragam Palatha East PS	299.91	8.209425	80.550501	48	LK-7	LK-71		EC-17	EC-17F
LK-72-011	Polonnaruwa MC	32.57	7.940122	81.010274	11	LK-7	LK-72	LK-7215	EC-18	EC-18C
LK-72-031	Dimbulagala PS	585.9	7.785366	81.126323	31	LK-7	LK-72	LK-7212	EC-18	EC-18C
LK-72-032	Elahera PS	366.09	7.815875	80.845529	32	LK-7	LK-72	LK-7218	EC-18	EC-18A
LK-72-033	Hingurakgoda PS	705.23	8.114004	80.865402	33	LK-7	LK-72	LK-7203	EC-18	EC-18A
LK-72-034	Lankapura PS	197.47	8.058699	81.098071	34	LK-7	LK-72	LK-7209	EC-18	EC-18B
LK-72-035	Medirigiriya PS	573.26	8.185489	81.040095	35	LK-7	LK-72	LK-7206	EC-18	EC-18B
LK-72-037	Welikanda PS	574.33	8.05135	81.240046	37	LK-7	LK-72	LK-7210	EC-18	EC-18C
LK-72-038	Polonnaruwa PS	434.88	7.878585	80.988593	38	LK-7	LK-72	LK-7215	EC-18	EC-18C
LK-81-011	Badulla MC	10.4	6.989484	81.057946	11	LK-8	LK-81	LK-8121	EC-19	EC-19D
LK-81-012	Bandarawela MC/ Bandarawela  PS	23.05	6.840506	80.985134	12/32	LK-8	LK-81		EC-19	EC-19H
LK-81-022	Haputale  UC/ Haputale  PS	12.4	6.781026	80.959263	22/36	LK-8	LK-81	LK-8139	EC-19	EC-19I
LK-81-031	Badulla PS	38.45	6.986654	81.094656	31	LK-8	LK-81	LK-8121	EC-19	EC-19D
LK-81-032	Bandarawela  PS	49.91	6.825827	81.018879	32	LK-8	LK-81	LK-8133	EC-19	EC-19H
LK-81-033	Ella  PS	107.55	6.868532	81.066957	33	LK-8	LK-81	LK-8136	EC-19	EC-19H
LK-81-034	Haldummulla  PS	415.17	6.698806	80.969558	34	LK-8	LK-81	LK-8142	EC-19	EC-19I
LK-81-035	Hali-Ela  PS	170.05	6.94587	81.019408	35	LK-8	LK-81	LK-8124	EC-19	EC-19E
LK-81-036	Haputale  PS	56.64	6.794815	80.962768	36	LK-8	LK-81	LK-8139	EC-19	EC-19I
LK-81-037	Kandaketiya PS	150.72	7.129609	80.994256	37	LK-8	LK-81	LK-8112	EC-19	EC-19B
LK-81-038	Mahiyanganaya PS	601.88	7.43385	81.081405	38	LK-8	LK-81	LK-8103	EC-19	EC-19A
LK-81-039	Meegahaivula PS	108.82	7.126719	81.081054	39	LK-8	LK-81	LK-8109	EC-19	EC-19B
LK-81-040	Passara PS	134.59	6.964933	81.147248	40	LK-8	LK-81	LK-8118	EC-19	EC-19C
LK-81-041	Rideemaliyadda PS	437.14	7.274411	81.128186	41	LK-8	LK-81	LK-8106	EC-19	EC-19A
LK-81-042	Soranathota PS	80.5	7.045305	81.050182	42	LK-8	LK-81	LK-8115	EC-19	EC-19B
LK-81-043	Uva Paranagama  PS	137.69	6.966467	80.917273	43	LK-8	LK-81	LK-8127	EC-19	EC-19F
LK-81-044	Welimada  PS	194.0	6.860252	80.880744	44	LK-8	LK-81	LK-8130	EC-19	EC-19G
LK-81-045	Lunugala PS	143.01	7.037966	81.186128	45	LK-8	LK-81	LK-8119	EC-19	EC-19C
LK-82-031	Badalkumbura PS	237.09	6.869729	81.216912	31	LK-8	LK-82	LK-8218	EC-20	EC-20B
LK-82-032	Bibila PS	466.05	7.187842	81.298497	32	LK-8	LK-82	LK-8203	EC-20	EC-20A
LK-82-033	Buttala PS	709.86	6.660368	81.299812	33	LK-8	LK-82	LK-8224	EC-20	EC-20C
LK-82-034	Katharagama PS	609.08	6.494507	81.373695	34	LK-8	LK-82	LK-8227	EC-20	EC-20C
LK-82-035	Madulla PS	750.32	7.160153	81.426163	35	LK-8	LK-82	LK-8206	EC-20	EC-20A
LK-82-036	Medagama PS	240.35	7.053049	81.292941	36	LK-8	LK-82	LK-8209	EC-20	EC-20A
LK-82-037	Moneragala PS	290.52	6.832233	81.353268	37	LK-8	LK-82	LK-8215	EC-20	EC-20B
LK-82-038	Siyambalanduwa PS	1059.94	6.845567	81.525567	38	LK-8	LK-82	LK-8212	EC-20	EC-20B
LK-82-039	Thanamalvila PS	819.84	6.473626	80.979827	39	LK-8	LK-82		EC-20	EC-20C
LK-82-040	Wellawaya PS	574.94	6.612619	81.127975	40	LK-8	LK-82	LK-8221	EC-20	EC-20C
LK-91-011	Ratnapura MC/ Ratnapura PS	36.65	6.687164	80.411703	11/42	LK-9	LK-91		EC-21	
LK-91-021	Balangoda UC/ Imbulpe PS	39.21	6.643726	80.68826	21/36	LK-9	LK-91		EC-21	EC-21D
LK-91-022	Embilipitiya UC	54.82	6.326504	80.859512	22	LK-9	LK-91	LK-9148	EC-21	EC-21H
LK-91-032	Ayagama PS	163.35	6.650948	80.291308	32	LK-9	LK-91	LK-9130	EC-21	EC-21G
LK-91-033	Balangoda PS	244.24	6.626862	80.779359	33	LK-9	LK-91		EC-21	EC-21D
LK-91-034	Eheliyagoda PS	140.97	6.838464	80.22653	34	LK-9	LK-91	LK-9103	EC-21	EC-21A
LK-91-035	Embilipitiya PS	333.99	6.359934	80.806374	35	LK-9	LK-91	LK-9148	EC-21	EC-21H
LK-91-036	Imbulpe PS	252.64	6.715183	80.736345	36	LK-9	LK-91	LK-9115	EC-21	EC-21D
LK-91-037	Kalawana PS	382.4	6.46448	80.451221	37	LK-9	LK-91	LK-9133	EC-21	EC-21G
LK-91-038	Kolonna PS	177.85	6.391184	80.678904	38	LK-9	LK-91	LK-9151	EC-21	EC-21H
LK-91-039	Kuruvita PS	250.44	6.786058	80.329691	39	LK-9	LK-91		EC-21	
LK-91-040	Nivithigala PS	239.06	6.602993	80.419972	40	LK-9	LK-91		EC-21	
LK-91-041	Pelmadulla PS	142.4	6.634808	80.511103	41	LK-9	LK-91	LK-9124	EC-21	EC-21C
LK-91-042	Ratnapura PS	295.36	6.732763	80.490139	42	LK-9	LK-91	LK-9112	EC-21	
LK-91-043	Weligepola PS	277.3	6.560933	80.707809	43	LK-9	LK-91		EC-21	EC-21E
LK-91-044	Godakawela PS	152.12	6.498162	80.641823	44	LK-9	LK-91	LK-9142	EC-21	EC-21E
LK-91-045	Kahawatta PS	104.25	6.527983	80.545154	45	LK-9	LK-91	LK-9139	EC-21	EC-21F
LK-92-011	Kegalle MC	7.42	7.251102	80.350997	11	LK-9	LK-92	LK-9212	EC-22	EC-22C
LK-92-031	Aranayaka  PS	120.09	7.167804	80.442178	31	LK-9	LK-92	LK-9209	EC-22	EC-22F
LK-92-032	Dehiovita PS	193.95	6.939454	80.280907	32	LK-9	LK-92	LK-9230	EC-22	
LK-92-033	Deraniyagala PS	222.16	6.907025	80.403181	33	LK-9	LK-92	LK-9233	EC-22	EC-22I
LK-92-034	Galigamuwa PS	124.59	7.216127	80.305524	34	LK-9	LK-92	LK-9215	EC-22	EC-22B
LK-92-035	Kegalle PS	98.83	7.206006	80.369444	35	LK-9	LK-92	LK-9212	EC-22	
LK-92-036	Mawanella PS	120.09	7.230038	80.47224	36	LK-9	LK-92	LK-9206	EC-22	EC-22E
LK-92-037	Rambukkana PS	127.79	7.324762	80.386138	37	LK-9	LK-92	LK-9203	EC-22	EC-22D
LK-92-038	Ruwanwella  PS	140.64	7.064225	80.218789	38	LK-9	LK-92	LK-9221	EC-22	EC-22H
LK-92-039	Warakapola PS	196.98	7.203746	80.231762	39	LK-9	LK-92	LK-9218	EC-22	EC-22A
LK-92-040	Yatiyanthota PS	179.91	7.029854	80.371683	40	LK-9	LK-92	LK-9227	EC-22	EC-22G
LK-92-041	Bulathkohupitiya PS	125.27	7.098344	80.355516	41	LK-9	LK-92	LK-9224	EC-22	
